<annotation>
	<folder>my-project-name</folder>
	<filename>0001.jpeg</filename>
	<path>/my-project-name/0001.jpeg</path>
	<source>
		<database>Unspecified</database>
	</source>
	<size>
		<width>500</width>
		<height>500</height>
		<depth>3</depth>
	</size>
	<object>
		<name>licence</name>
		<pose>Unspecified</pose>
		<truncated>Unspecified</truncated>
		<difficult>Unspecified</difficult>
		<bndbox>
			<xmin>164</xmin>
			<ymin>310</ymin>
			<xmax>319</xmax>
			<ymax>348</ymax>
		</bndbox>
	</object>
</annotation>