<annotation>
	<folder>VOC2012</folder>
	<filename>2008_000931.jpg</filename>
	<source>
		<database>The VOC2008 Database</database>
		<annotation>PASCAL VOC2008</annotation>
		<image>flickr</image>
	</source>
	<size>
		<width>500</width>
		<height>336</height>
		<depth>3</depth>
	</size>
	<segmented>0</segmented>
	<object>
		<name>dog</name>
		<pose>Left</pose>
		<truncated>0</truncated>
		<occluded>0</occluded>
		<bndbox>
			<xmin>33</xmin>
			<ymin>41</ymin>
			<xmax>434</xmax>
			<ymax>264</ymax>
		</bndbox>
		<difficult>0</difficult>
	</object>
</annotation>
