<annotation>
	<folder>VOC2012</folder>
	<filename>2008_000105.jpg</filename>
	<source>
		<database>The VOC2008 Database</database>
		<annotation>PASCAL VOC2008</annotation>
		<image>flickr</image>
	</source>
	<size>
		<width>500</width>
		<height>375</height>
		<depth>3</depth>
	</size>
	<segmented>1</segmented>
	<object>
		<name>car</name>
		<pose>Left</pose>
		<truncated>0</truncated>
		<occluded>0</occluded>
		<bndbox>
			<xmin>215</xmin>
			<ymin>182</ymin>
			<xmax>377</xmax>
			<ymax>240</ymax>
		</bndbox>
		<difficult>0</difficult>
	</object>
</annotation>
