<annotation>
	<folder>VOC2012</folder>
	<filename>2008_000897.jpg</filename>
	<source>
		<database>The VOC2008 Database</database>
		<annotation>PASCAL VOC2008</annotation>
		<image>flickr</image>
	</source>
	<size>
		<width>350</width>
		<height>500</height>
		<depth>3</depth>
	</size>
	<segmented>0</segmented>
	<object>
		<name>dog</name>
		<pose>Left</pose>
		<truncated>0</truncated>
		<occluded>1</occluded>
		<bndbox>
			<xmin>247</xmin>
			<ymin>282</ymin>
			<xmax>350</xmax>
			<ymax>343</ymax>
		</bndbox>
		<difficult>0</difficult>
	</object>
</annotation>
