<annotation>
	<folder>my-project-name</folder>
	<filename>0004.png</filename>
	<path>/my-project-name/0004.png</path>
	<source>
		<database>Unspecified</database>
	</source>
	<size>
		<width>500</width>
		<height>500</height>
		<depth>3</depth>
	</size>
	<object>
		<name>licence</name>
		<pose>Unspecified</pose>
		<truncated>Unspecified</truncated>
		<difficult>Unspecified</difficult>
		<bndbox>
			<xmin>198</xmin>
			<ymin>227</ymin>
			<xmax>343</xmax>
			<ymax>265</ymax>
		</bndbox>
	</object>
</annotation>