<annotation>
	<folder>my-project-name</folder>
	<filename>0007.png</filename>
	<path>/my-project-name/0007.png</path>
	<source>
		<database>Unspecified</database>
	</source>
	<size>
		<width>500</width>
		<height>500</height>
		<depth>3</depth>
	</size>
	<object>
		<name>licence</name>
		<pose>Unspecified</pose>
		<truncated>Unspecified</truncated>
		<difficult>Unspecified</difficult>
		<bndbox>
			<xmin>119</xmin>
			<ymin>246</ymin>
			<xmax>256</xmax>
			<ymax>296</ymax>
		</bndbox>
	</object>
</annotation>