<annotation>
	<folder>my-project-name</folder>
	<filename>0014.png</filename>
	<path>/my-project-name/0014.png</path>
	<source>
		<database>Unspecified</database>
	</source>
	<size>
		<width>500</width>
		<height>500</height>
		<depth>3</depth>
	</size>
	<object>
		<name>licence</name>
		<pose>Unspecified</pose>
		<truncated>Unspecified</truncated>
		<difficult>Unspecified</difficult>
		<bndbox>
			<xmin>244</xmin>
			<ymin>306</ymin>
			<xmax>360</xmax>
			<ymax>337</ymax>
		</bndbox>
	</object>
</annotation>